settings,Тестирование,,40,minutes,,10,80.0,10.0,,,rand,,200.0
question,"На какой срок работодатель в случае производственной необходимости, в том числе временного замещения отсутствующего работника, имеет право переводить работника без его согласия на другую не обусловленную трудовым договором и не противопоказанную ему по состоянию здоровья работу в той же организации, в той же местности либо в структурное подразделение работодателя, расположенное в другой местности, с оплатой труда по выполняемой работе, но не ниже средней заработной платы по прежней работе?",,single_choice,1.00,1.0,1,1.0,,,,,,
answer,на срок до одного месяца в течение календарного года,text,0,0,,1,,,,,,
answer,на срок до двух месяцев в течение календарного года,text,0,0,,2,,,,,,
answer,на срок до трёх месяцев в течение календарного года,text,1,0,,3,,,,,,
answer,на срок до шести месяцев в течение календарного года,text,0,0,,4,,,,,,
question,"Какова максимальная продолжительность испытательного срока для руководителей организаций и их заместителей, главных бухгалтеров и их заместителей, руководителей филиалов, представительств организаций?",,single_choice,1.00,2.0,1,1.0,,,,,,
answer,не более одного месяца,text,0,0,,1,,,,,,
answer,не более двух месяцев,text,0,0,,2,,,,,,
answer,не более шести месяцев,text,1,0,,3,,,,,,
answer,не более четырёх месяцев,text,0,0,,4,,,,,,
question,В какой срок на работника налагается дисциплинарное взыскание?,,single_choice,1.00,3.0,1,1.0,,,,,,
answer,"непосредственно за обнаружением дисциплинарного проступка, но не позднее десяти дней со дня его обнаружения",text,0,0,,1,,,,,,
answer,"непосредственно за обнаружением дисциплинарного проступка, но не позднее двадцати дней со дня его обнаружения",text,0,0,,2,,,,,,
answer,"непосредственно за обнаружением дисциплинарного проступка, но не позднее одного месяца со дня его обнаружения",text,1,0,,3,,,,,,
answer,"непосредственно за обнаружением дисциплинарного проступка, но не позднее трёх месяцев со дня его обнаружения",text,0,0,,4,,,,,,
question,Какова продолжительность перерыва для отдыха и приёма пищи работника в течение ежедневной работы (рабочей смены)?,,single_choice,1.00,4.0,1,1.0,,,,,,
answer,не менее 20 минут,text,0,0,,1,,,,,,
answer,не менее получаса,text,1,0,,2,,,,,,
answer,не менее часа,text,0,0,,3,,,,,,
answer,не менее 1часа 30 минут,text,0,0,,4,,,,,,
question,Какой период рабочего времени считается ночным?,,single_choice,1.00,5.0,1,1.0,,,,,,
answer,время с 20 часов до 6 часов утра,text,0,0,,1,,,,,,
answer,время с 21 часа до 5 часов утра,text,0,0,,2,,,,,,
answer,время с 22 часов до 7 часов утра,text,0,0,,3,,,,,,
answer,время с 22 часов до 6 часов утра,text,1,0,,4,,,,,,
question,"Каково предельное количество сверхурочных работ для каждого работника в течение суток на тяжелых работах, работах с вредными (особо вредными) и (или) опасными условиями труда?",,single_choice,1.00,6.0,1,1.0,,,,,,
answer,один час,text,1,0,,1,,,,,,
answer,два часа,text,0,0,,2,,,,,,
answer,три часа,text,0,0,,3,,,,,,
answer,четыре часа,text,0,0,,4,,,,,,
question, Какова продолжительность рабочего времени для работников в возрасте от четырнадцати до шестнадцати лет?,,single_choice,1.00,7.0,1,1.0,,,,,,
answer,не более 24 часов в неделю,text,1,0,,1,,,,,,
answer,не более 28 часов в неделю,text,0,0,,2,,,,,,
answer,не более 32 часов в неделю,text,0,0,,3,,,,,,
answer,не более 36 часов в неделю,text,0,0,,4,,,,,,
question,Какое время отсутствия работника на работе без уважительной причины является основанием расторжения трудового договора по инициативе работодателя?,,single_choice,1.00,8.0,1,1.0,,,,,,
answer,в течение одного и более часов подряд за один рабочий день (рабочую смену),text,0,0,,1,,,,,,
answer,в течение двух и более часов подряд за один рабочий день (рабочую смену),text,0,0,,2,,,,,,
answer,в течение трех и более часов подряд за один рабочий день (рабочую смену),text,1,0,,3,,,,,,
answer,в течение четырех и более часов подряд за один рабочий день (рабочую смену),text,0,0,,4,,,,,,
question,Укажите общую продолжительность сверхурочных работ в обычных условиях:,,single_choice,1.00,9.0,1,1.0,,,,,,
answer,двенадцать часов в месяц и сто двадцать часов в год,text,0,0,,1,,,,,,
answer,десять часов в месяц и сто часов в год,text,0,0,,2,,,,,,
answer,одиннадцать часов в месяц и сто десять часов в год,text,0,0,,3,,,,,,
answer,двенадцать часов в месяц и сто часов в год.,text,1,0,,4,,,,,,
question,Каково предельное количество сверхурочных работ для каждого работника в обычных условиях в течение суток?,,single_choice,1.00,10.0,1,1.0,,,,,,
answer,один час,text,0,0,,1,,,,,,
answer,два часа,text,1,0,,2,,,,,,
answer,три часа,text,0,0,,3,,,,,,
answer,четыре часа,text,0,0,,4,,,,,,
question,Какова продолжительность рабочего времени для работников в возрасте от шестнадцати до восемнадцати лет?,,single_choice,1.00,11.0,1,1.0,,,,,,
answer,не более 28 часов в неделю,text,1,0,,1,,,,,,
answer,не более 32 часов в неделю,text,0,0,,2,,,,,,
answer,не более 36 часов в неделю,text,0,0,,3,,,,,,
answer,не более 24 часов в неделю,text,0,0,,4,,,,,,
question,"За счёт каких средств проводятся обучение, инструктирование, проверка знаний работников по вопросам безопасности и охраны труда?",,single_choice,1.00,12.0,1,1.0,,,,,,
answer,за счёт средств государства,text,0,0,,1,,,,,,
answer,"за счёт собственных средств работодателя, и других источников, не запрещенных законодательством РК",text,1,0,,2,,,,,,
answer,за счёт собственных средств работника,text,0,0,,3,,,,,,
answer,за счёт других средств,text,0,0,,4,,,,,,
question,Какова периодичность проведения обучения и проверки знаний работников по рабочим профессиям по вопросам безопасности и охраны труда?,,single_choice,1.00,13.0,1,1.0,,,,,,
answer,не реже одного раза в год,text,1,0,,1,,,,,,
answer,не реже двух раза в год,text,0,0,,2,,,,,,
answer,раз в квартал,text,0,0,,3,,,,,,
answer,раз в месяц,text,0,0,,4,,,,,,
question,"В какой срок назначают повторную проверку знаний для руководящих и ответственных работников, не прошедших проверку знаний по безопасности и охране труда?",,single_choice,1.00,14.0,1,1.0,,,,,,
answer,не позднее 1 месяца,text,1,0,,1,,,,,,
answer,не позднее 2 месяцев,text,0,0,,2,,,,,,
answer,не позднее 3 месяцев,text,0,0,,3,,,,,,
answer,повторная проверка знаний не проводится,text,0,0,,4,,,,,,
question,Когда проходят проверку знаний по безопасности и охране труда принятые на работу руководящие и ответственные работники?,,single_choice,1.00,15.0,1,1.0,,,,,,
answer,не позднее 1 месяца со дня заключения трудового договора,text,1,0,,1,,,,,,
answer,не позднее 2 месяцев со дня заключения трудового договора,text,0,0,,2,,,,,,
answer,не позднее 3 месяцев со дня заключения трудового договора,text,0,0,,3,,,,,,
answer,не позднее 2 недель со дня заключения трудового договора,text,0,0,,4,,,,,,
question,Кем осуществляются разработка и утверждение инструкций по безопасности и охране труда?,,single_choice,1.00,16.0,1,1.0,,,,,,
answer,Правительством Республики Казахстан,text,0,0,,1,,,,,,
answer,уполномоченным государственным органом по труду,text,0,0,,2,,,,,,
answer,местным органом по инспекции труда,text,0,0,,3,,,,,,
answer,работодателем.,text,1,0,,4,,,,,,
question,"На основе чего составляется перечень профессий, работ и рабочих мест для составления инструкции по безопасности и охране труда?",,single_choice,1.00,17.0,1,1.0,,,,,,
answer,"на основе штатного расписания работодателя, утвержденного с учетом Единого тарифно-квалификационного справочника работ, профессий рабочих и квалификационного справочника должностей и служащих",text,1,0,,1,,,,,,
answer,на основе списка служащих,text,0,0,,2,,,,,,
answer,на основе приказов о принятии на работу,text,0,0,,3,,,,,,
answer,на основе индивидуальных договоров работников с работодателем,text,0,0,,4,,,,,,
question,"В целях осуществления внутреннего контроля за соблюдением требований безопасности и охраны труда в организациях, осуществляющих производственную деятельность, с какой численностью работников, работодателем создается служба безопасности и охраны труда?",,single_choice,1.00,18.0,1,1.0,,,,,,
answer,более 100 работников,text,0,0,,1,,,,,,
answer,более 10 работников,text,0,0,,2,,,,,,
answer,более 50 работников,text,1,0,,3,,,,,,
question,Кому подчиняется служба безопасности и охраны труда?,,single_choice,1.00,19.0,1,1.0,,,,,,
answer,"непосредственно первому руководителю организации или лицу, им уполномоченному",text,1,0,,1,,,,,,
answer,государственному инспектору труда,text,0,0,,2,,,,,,
answer,главному государственному инспектору труда,text,0,0,,3,,,,,,
answer,заместителю директора по производственным вопросам,text,0,0,,4,,,,,,
question,"Какой вид инструктажа по безопасности и охране труда проводят со всеми вновь принимаемыми на работу работниками независимо от их образования, стажа работы по данной профессии или должности, с временными работниками, командированными, учащимися и студентами, прибывшими на производственное обучение или практику?",,single_choice,1.00,20.0,1,1.0,,,,,,
answer,вводный,text,1,0,,1,,,,,,
answer,первичный,text,0,0,,2,,,,,,
answer,повторный,text,0,0,,3,,,,,,
answer,внеплановый,text,0,0,,4,,,,,,
question,"Какой вид инструктажа проводят при выполнении разовых работ, не связанных с прямыми обязанностями по специальности (погрузка, выгрузка, уборка территории, разовые работы вне организации, цеха и участки)?",,single_choice,1.00,21.0,1,1.0,,,,,,
answer,вводный,text,0,0,,1,,,,,,
answer,первичный,text,0,0,,2,,,,,,
answer,целевой,text,1,0,,3,,,,,,
answer,внеплановый,text,0,0,,4,,,,,,
question,"Кем в организациях (предприятиях) проводятся первичный, повторный, внеплановый и целевой инструктаж на рабочем месте?",,single_choice,1.00,22.0,1,1.0,,,,,,
answer,"непосредственным руководителем работ (мастером, начальником цеха)",text,1,0,,1,,,,,,
answer,службой безопасности и охраны труда,text,0,0,,2,,,,,,
answer,государственным инспектором труда,text,0,0,,3,,,,,,
answer,работодателем,text,0,0,,4,,,,,,
question,С кем проводится первичный инструктаж на рабочем месте (до начала производственной деятельности)?,,single_choice,1.00,23.0,1,1.0,,,,,,
answer,"со всеми вновь принятыми в организацию работниками, переводимыми из одного подразделения в другое",text,0,0,,1,,,,,,
answer,"с работниками, выполняющими новую для них работу, командированными, временными работниками",text,0,0,,2,,,,,,
answer,"со строителями, выполняющими строительно-монтажные работы на территории действующей организации",text,0,0,,3,,,,,,
answer,"со студентами и учащимися, прибывшими на производственное обучение или практику",text,0,0,,4,,,,,,
answer,все ответы верны,text,1,0,,5,,,,,,
question,"Работнику по профессии, успешно прошедшему проверку знаний по безопасности и охране труда, выдают:",,single_choice,1.00,24.0,1,1.0,,,,,,
answer,копию удостоверения установленного образца,text,0,0,,1,,,,,,
answer,книжку установленного образца,text,0,0,,2,,,,,,
answer,удостоверение по проверке знаний установленного образца,text,1,0,,3,,,,,,
answer,письмо установленного образца,text,0,0,,4,,,,,,
question,С какой периодичностью работодатель обязан проводить с участием представителей работников аттестацию производственных объектов по состоянию условий труда?,,single_choice,1.00,25.0,1,1.0,,,,,,
answer,не реже чем один раз в пять лет,text,1,0,,1,,,,,,
answer,не реже чем два раза в пять лет,text,0,0,,2,,,,,,
answer,не реже чем один раз в три года,text,0,0,,3,,,,,,
answer,не реже чем два раза в три года,text,0,0,,4,,,,,,
question,В каких случаях проводится внеочередная аттестация производственных объектов?,,single_choice,1.00,26.0,1,1.0,,,,,,
answer,при несчастном случае,text,0,0,,1,,,,,,
answer,при нарушении порядка проведения аттестации производственных объектов по условиям труда,text,1,0,,2,,,,,,
answer,при реконструкции производственного объекта,text,0,0,,3,,,,,,
answer,при внедрении новых технологических процессов по решению работодателя,text,0,0,,4,,,,,,
question,"Срок расследования несчастного случая, связанного с трудовой деятельностью, не должен превышать?",,single_choice,1.00,27.0,1,1.0,,,,,,
answer,пять рабочих дней,text,0,0,,1,,,,,,
answer,тридцать рабочих дней,text,0,0,,2,,,,,,
answer,пятнадцать рабочих дней,text,0,0,,3,,,,,,
answer,десять рабочих дней,text,1,0,,4,,,,,,
question,Испытательный срок включается в трудовой стаж работника и не может превышать:,,single_choice,1.00,28.0,1,1.0,,,,,,
answer,четыре месяца,text,0,0,,1,,,,,,
answer,два месяца,text,0,0,,2,,,,,,
answer,десять месяцев,text,0,0,,3,,,,,,
answer,три месяца,text,1,0,,4,,,,,,
question,Нормальная продолжительность рабочего времени не должна превышать:,,single_choice,1.00,29.0,1,1.0,,,,,,
answer,90 часов в неделю,text,0,0,,1,,,,,,
answer,40 часов в неделю,text,1,0,,2,,,,,,
answer,100 часов в неделю,text,0,0,,3,,,,,,
answer,500 часов в неделю,text,0,0,,4,,,,,,
question,"Допускаются ли беременные женщины, предоставившие справку к сверхурочной работе?",,single_choice,1.00,30.0,1,1.0,,,,,,
answer,Да,text,0,0,,1,,,,,,
answer,Нет,text,1,0,,2,,,,,,
answer,Иногда,text,0,0,,3,,,,,,
answer,Не более 5 часов в неделю.,text,0,0,,4,,,,,,
question,Повторный инструктаж проводится:,,single_choice,1.00,31.0,1,1.0,,,,,,
answer,не реже одного раза в 10 месяцев. При работах повышенной опасности - не реже одного раза в 5 месяца,text,0,0,,1,,,,,,
answer,не реже одного раза 12 месяцев. При работах повышенной опасности - не реже одного раза в 6 месяцев,text,0,0,,2,,,,,,
answer,не реже одного раза в 6 месяцев. При работах повышенной опасности - не реже одного раза в 3 месяца,text,1,0,,3,,,,,,
answer,не реже одного раза 9 месяцев. При работах повышенной опасности - не реже одного раза в 3 месяца,text,0,0,,4,,,,,,
question,Вводный инструктаж проводится:,,single_choice,1.00,32.0,1,1.0,,,,,,
answer,со всеми вновь принимаемыми на работу,text,1,0,,1,,,,,,
answer,только с рабочим персоналом,text,0,0,,2,,,,,,
answer,только с инженерно-техническим персоналом,text,0,0,,3,,,,,,
answer,только с персоналом вахтового городка,text,0,0,,4,,,,,,
question,"Работника, находящегося на работе в состоянии алкогольного, наркотического, токсикоманического воздействия, работодатель обязан:",,single_choice,1.00,33.0,1,1.0,,,,,,
answer,отстранить от работы,text,1,0,,1,,,,,,
answer,направить на другую работу,text,0,0,,2,,,,,,
answer,сделать только устное замечание,text,0,0,,3,,,,,,
answer,сделать только письменное замечание,text,0,0,,4,,,,,,
question,"К сверхурочной работе не допускаются работники, не достигшие:",,single_choice,1.00,34.0,1,1.0,,,,,,
answer,16-летнего возраста,text,0,0,,1,,,,,,
answer,30-летнего возраста,text,0,0,,2,,,,,,
answer,19-летнего возраста,text,0,0,,3,,,,,,
answer,18-летнего возраста,text,1,0,,4,,,,,,
question,Аварийные пути и выходы работников из помещения должны быть:,,single_choice,1.00,35.0,1,1.0,,,,,,
answer,"закрытыми, оставаться закрытыми и выводить в подвал;",text,0,0,,1,,,,,,
answer,"обозначены, оставаться свободными и выводить на крышу здания;",text,0,0,,2,,,,,,
answer,"обозначены, оставаться закрытыми и выводить на крышу здания;",text,0,0,,3,,,,,,
answer,"обозначены, оставаться свободными и выводить на открытый воздух либо в безопасную зону.",text,1,0,,4,,,,,,
question,Целевой инструктаж проводит:,,single_choice,1.00,36.0,1,1.0,,,,,,
answer,юрист,text,0,0,,1,,,,,,
answer,бухгалтер,text,0,0,,2,,,,,,
answer,инженер по телекоммуникациям,text,0,0,,3,,,,,,
answer,непосредственный руководитель работ,text,1,0,,4,,,,,,
question,"В каких случаях работникам предоставляются специальные перерывы для обогревания и отдыха, которые включаются в рабочее время?",,single_choice,1.00,37.0,1,1.0,,,,,,
answer,при выполнении работ в холодное время года на открытом воздухе или в закрытых необогреваемых помещениях;,text,1,0,,1,,,,,,
answer,при работах за пределами нормальной продолжительности рабочего времени;,text,0,0,,2,,,,,,
answer,при разделении рабочего дня на части;,text,0,0,,3,,,,,,
answer,все ответы верны.,text,0,0,,4,,,,,,
question,"Кто   рассматривает   разногласия, по вопросам расследования, оформления и регистрации несчастных случаев, связанных с трудовой деятельностью, в случае разногласия между работодателем и работником?",,single_choice,1.00,38.0,1,1.0,,,,,,
answer,государственный инспектор труда или суд;,text,1,0,,1,,,,,,
answer,прокуратура;,text,0,0,,2,,,,,,
answer,только суд.,text,0,0,,3,,,,,,
answer,все ответы верны.,text,0,0,,4,,,,,,
question,Кто организовывает комиссию по расследованию несчастного случая на производстве?,,single_choice,1.00,39.0,1,1.0,,,,,,
answer,специалист по охране труда;,text,0,0,,1,,,,,,
answer,работодатель;,text,1,0,,2,,,,,,
answer,государственный инспектор труда;,text,0,0,,3,,,,,,
answer,все ответы верны.,text,0,0,,4,,,,,,
question,"Кто несет ответственность за организацию и своевременность обучения, по охране труда и проверки знаний работников?",,single_choice,1.00,40.0,1,1.0,,,,,,
answer,служба охраны труда;,text,0,0,,1,,,,,,
answer,работодатель;,text,1,0,,2,,,,,,
answer,отдел по работе с персоналом;,text,0,0,,3,,,,,,
answer,все ответы верны.,text,0,0,,4,,,,,,
question,Кто подлежит обучению по охране труда и проверке знания требований охраны труда?,,single_choice,1.00,41.0,1,1.0,,,,,,
answer,"все работники организации, в т.ч. руководитель;",text,1,0,,1,,,,,,
answer,"только работники, занятые на работах повышенной опасности;",text,0,0,,2,,,,,,
answer,только работники службы охраны труда и руководители подразделений.,text,0,0,,3,,,,,,
answer,все ответы верны.,text,0,0,,4,,,,,,
question,Каким локальным нормативным актом устанавливается режим рабочего времени в организации?,,single_choice,1.00,42.0,1,1.0,,,,,,
answer,Правилами внутреннего трудового распорядка организации;,text,1,0,,1,,,,,,
answer,распоряжением руководителя подразделения;,text,0,0,,2,,,,,,
answer,Приказ;,text,0,0,,3,,,,,,
answer,все ответы верны.,text,0,0,,4,,,,,,
question,О чем работник обязан немедленно известить своего руководителя?,,single_choice,1.00,43.0,1,1.0,,,,,,
answer,"о любой ситуации, угрожающей жизни и здоровью людей;",text,0,0,,1,,,,,,
answer,"о каждом несчастном случае, происшедшем на производстве;",text,0,0,,2,,,,,,
answer,об ухудшении состояния своего здоровья;,text,0,0,,3,,,,,,
answer,обо всем перечисленном.,text,1,0,,4,,,,,,
question,Что входит в обязанности работника в области охраны труда?,,single_choice,1.00,44.0,1,1.0,,,,,,
answer,обеспечить хранение выданной спецодежды;,text,0,0,,1,,,,,,
answer,соблюдать режим труда и отдыха;,text,0,0,,2,,,,,,
answer,немедленно принять меры к предотвращению аварийной ситуации на рабочем месте;,text,0,0,,3,,,,,,
answer,проходить обучение безопасным методам и приемам выполнения работ.,text,1,0,,4,,,,,,
question,В какой срок после окончания расследования несчастного случая пострадавшему выдается акт?,,single_choice,1.00,45.0,1,1.0,,,,,,
answer,в течение суток;,text,0,0,,1,,,,,,
answer,в трехдневный срок;,text,1,0,,2,,,,,,
answer,в течение месяца.,text,0,0,,3,,,,,,
answer,все ответы верны.,text,0,0,,4,,,,,,
question,Какое определение понятия «охрана труда» будет верным?,,single_choice,1.00,46.0,1,1.0,,,,,,
answer,"охрана труда - система сохранения жизни и здоровья работников в процессе
трудовой   деятельности, включающая   в   себя   правовые, социально-экономические, организационно-технические, санитарно-гигиенические,
лечебно-профилактические, реабилитационные и иные мероприятия;",text,1,0,,1,,,,,,
answer,"охрана труда - совокупность факторов производственной среды и трудового
процесса, оказывающих влияние на работоспособность и здоровье людей;",text,0,0,,2,,,,,,
answer,охрана труда — это техника безопасности и гигиена труда;,text,0,0,,3,,,,,,
answer,все ответы верны.,text,0,0,,4,,,,,,
question,При какой численности работников у работодателя создается служба охраны труда или вводится должность специалиста по охране труда?,,single_choice,1.00,47.0,1,1.0,,,,,,
answer,численность работников превышает 100 человек;,text,0,0,,1,,,,,,
answer,численность работников превышает 50 человек;,text,1,0,,2,,,,,,
answer,работодатель принимает решение о создании службы охраны труда или введении должности специалиста по охране труда с учетом мнения выборного органа первичной профсоюзной организации или иного представительного органа работников.,text,0,0,,3,,,,,,
answer,все ответы верны.,text,0,0,,4,,,,,,
question,Сроки   проведения   специального   обучения   по   охране   труда руководителей и специалистов организаций:,,single_choice,1.00,48.0,1,1.0,,,,,,
answer,не реже одного раза в 5 лет;,text,0,0,,1,,,,,,
answer,по мере необходимости;,text,0,0,,2,,,,,,
answer,не реже одного раза в 3 года.,text,1,0,,3,,,,,,
answer,все ответы верны.,text,0,0,,4,,,,,,
question,"В каких случаях проводится внеплановый инструктаж, где он фиксируется?",,single_choice,1.00,49.0,1,1.0,,,,,,
answer,при приеме на работу с записью в личную карточку;,text,0,0,,1,,,,,,
answer,"при введении новых правил, инструкций по охране труда, изменении технологического процесса, так же при несчастных случай по требованию инспектора по труду. Фиксируется в Журнале;",text,1,0,,2,,,,,,
answer,при выполнении работ повышенной опасности с записью в наряде-допуске;,text,0,0,,3,,,,,,
answer,все ответы верны.,text,0,0,,4,,,,,,
question,Обязан ли работодатель обучать работников оказанию первой помощи пострадавшим?,,single_choice,1.00,50.0,1,1.0,,,,,,
answer,"да, при приеме на работу в соответствии с программой вводного инструктажа;",text,0,0,,1,,,,,,
answer,желательно;,text,0,0,,2,,,,,,
answer,"работодатель обязан организовать проведение периодического, не реже
одного раза в год, обучения оказанию первой помощи пострадавшим.",text,0,0,,3,,,,,,
answer,все ответы верны.,text,1,0,,4,,,,,,
question,"Обязан ли работник компенсировать денежные средства, потраченные работодателем на приобретение средств индивидуальной зашиты?",,single_choice,1.00,51.0,1,1.0,,,,,,
answer,"да, в соответствии с трудовым договором;",text,0,0,,1,,,,,,
answer,"нет, работник имеет право на обеспечение средствами индивидуальной защиты за счет средств работодателя;",text,1,0,,2,,,,,,
answer,вопрос решается индивидуально по согласованию между работником и работодателем.,text,0,0,,3,,,,,,
answer,все ответы верны.,text,0,0,,4,,,,,,
question,"Можно ли использовать специальную одежду и специальную обувь, возвращенные работниками по истечении сроков носки, но еще годные для дальнейшего применения?",,single_choice,1.00,52.0,1,1.0,,,,,,
answer,нет;,text,0,0,,1,,,,,,
answer,"да, но только после стирки, чистки, дезинфекции, дегазации, дезактивации, обеспыливания, обезжированния и ремонта;",text,1,0,,2,,,,,,
answer,не рекомендуется.,text,0,0,,3,,,,,,
answer,все ответы верны.,text,0,0,,4,,,,,,
question,Какими   нормативными   документами   предписано   применение работающими тех или иных средств индивидуальной защиты (СИЗ)?,,single_choice,1.00,53.0,1,1.0,,,,,,
answer,"нормы выдачи СИЗ для работников установлены в Норме выдачи специальной одежды и других средств индивидуальной защиты работникам организаций различных видов экономической деятельности другими отраслевыми нормативными документами, ГОСТ, ТУ и т.д.;",text,0,0,,1,,,,,,
answer,Инструкцией по охране труда зарегламентирован перечень СИЗ для каждого работника организации,text,0,0,,2,,,,,,
answer,Руководитель организации издает приказ о применении определенных СИЗ в организации.,text,0,0,,3,,,,,,
answer,все ответы верны.,text,1,0,,4,,,,,,
question,Какие      существуют      группы      по   электробезопасности электротехнического (электротехнологического) персонала?,,single_choice,1.00,54.0,1,1.0,,,,,,
answer,"I, II, III, IV, Y;",text,0,0,,1,,,,,,
answer,"II, III,IY,Y;",text,1,0,,2,,,,,,
answer,"III, IY, Y.",text,0,0,,3,,,,,,
answer,все ответы верны.,text,0,0,,4,,,,,,
question,Как осуществляется подготовка персонала к присвоению I группы по электробезопасности?,,single_choice,1.00,55.0,1,1.0,,,,,,
answer,в специализированных центрах. При аттестации выдается удостоверение;,text,0,0,,1,,,,,,
answer,"производственный не электротехнический персонал, выполняющий работы, при которых может возникнуть опасность поражения электрическим током, проходит проверку знаний в комиссии организации.  Удостоверение не выдается, результаты оформляются в журнале;",text,0,0,,2,,,,,,
answer,"группа I по электробезопасности присваивается персоналу ежегодно методом инструктажа на рабочем месте, который должен завершиться проверкой   знаний   устным   опросом.   Инструктаж   проводит   лицо   из электротехнического персонала с группой не ниже III. Результаты проверки оформляются в специальном журнале.",text,1,0,,3,,,,,,
answer,все ответы верны.,text,0,0,,4,,,,,,
question,Каков    порядок    предоставления    дополнительного    отпуска    и сокращенного рабочего дня при работах с вредными условиями труда?,,single_choice,1.00,56.0,1,1.0,,,,,,
answer,дополнительный отпуск и сокращенный рабочий день предоставляется по результатам проведения аттестации рабочих мест по условиям труда;,text,0,0,,1,,,,,,
answer,дополнительный отпуск и сокращенный рабочий день предоставляется в соответствии с трудовым договором;,text,0,0,,2,,,,,,
answer,"дополнительный отпуск и сокращенный рабочий день предоставляется в соответствии со «Списком производств, цехов, профессий и должностей с вредными условиями труда, работа в которых дает право на дополнительный отпуск и сокращенный рабочий день» только по фактически отработанному времени во вредных условиях труда.",text,0,0,,3,,,,,,
answer,все ответы верны.,text,1,0,,4,,,,,,
question,Нормы предельно допустимых нагрузок для женщин при подъеме и перемещении тяжестей вручную:,,single_choice,1.00,57.0,1,1.0,,,,,,
answer,при чередовании с другой работой (до одного раза в час) - 15кг и в течение рабочей смены - 10кг;,text,0,0,,1,,,,,,
answer,перемещение тяжестей вручную запрещено;,text,0,0,,2,,,,,,
answer,при чередовании с другой работой (до 2 раз в час) - 10кг и в течение рабочей смены - 7кг.,text,1,0,,3,,,,,,
answer,все ответы верны.,text,0,0,,4,,,,,,
question,"В случае ликвидации организации, каковы будут действия в отношении материалов расследования несчастного случая?",,single_choice,1.00,58.0,1,1.0,,,,,,
answer,должны быть переданы в государственный архив по месту деятельности;,text,1,0,,1,,,,,,
answer,должны быть переданы для хранения в государственную инспекцию труда;,text,0,0,,2,,,,,,
answer,должны быть переданы для хранения уполномоченному государственному органу по труду;,text,0,0,,3,,,,,,
answer,должны быть уничтожены.,text,0,0,,4,,,,,,
question,Приказам какого лица или органа создается экзаменационная комиссия по проверке знаний по вопросам безопасности и охраны труда руководящих работников и лиц ответственных за обеспечение безопасности и охраны труда?,,single_choice,1.00,59.0,1,1.0,,,,,,
answer,Правительство РК;,text,0,0,,1,,,,,,
answer,территориального государственного органа по труду;,text,0,0,,2,,,,,,
answer,работодателя;,text,1,0,,3,,,,,,
answer,уполномоченного органа по труду.,text,0,0,,4,,,,,,
question,Что следует указать в наименовании инструкции по безопасности и охране труда?,,single_choice,1.00,60.0,1,1.0,,,,,,
answer,кратко указать для какой профессии или вида работ она предназначена,text,1,0,,1,,,,,,
answer,"полно указать, для какой профессии она предназначена;",text,0,0,,2,,,,,,
answer,указать цели данной инструкции;,text,0,0,,3,,,,,,
answer,дать краткую характеристику технологического процесса.,text,0,0,,4,,,,,,
question,"При получении работником неудовлетворительной оценки, в какой срок назначают повторную проверку знаний?",,single_choice,1.00,61.0,1,1.0,,,,,,
answer,не позднее одного месяца;,text,1,0,,1,,,,,,
answer,не позднее трех месяцев;,text,0,0,,2,,,,,,
answer,не позднее двух месяцев;,text,0,0,,3,,,,,,
answer,не позднее пяти месяцев.,text,0,0,,4,,,,,,
question,"Кем утверждается перечень профессий, работ и рабочих мест для составления инструкций по безопасности и охране труда?",,single_choice,1.00,62.0,1,1.0,,,,,,
answer,работодателем или иным уполномоченным лицом и рассылается во все структурные подразделения;,text,1,0,,1,,,,,,
answer,Министерством труда и социальной защиты РК;,text,0,0,,2,,,,,,
answer,государственным инспектором труда;,text,0,0,,3,,,,,,
answer,руководителями структурных подразделений.,text,0,0,,4,,,,,,
question,"С какого возраста разрешается применение труда работников на тяжелых работах, работах с вредными и опасными условиями труда, а также на работах выполнение, которых может причинить вред их здоровью.",,single_choice,1.00,63.0,1,1.0,,,,,,
answer,с 16 лет;,text,0,0,,1,,,,,,
answer,с 18 лет;,text,1,0,,2,,,,,,
answer,с 20 лет;,text,0,0,,3,,,,,,
answer,с 21 года.,text,0,0,,4,,,,,,
question,Кто осуществляет контроль своевременного прохождения обучения и проверки знаний руководящих работников в организациях?,,single_choice,1.00,64.0,1,1.0,,,,,,
answer,Правительство РК;,text,0,0,,1,,,,,,
answer,территориальный государственный орган по труду;,text,0,0,,2,,,,,,
answer,работодатель;,text,1,0,,3,,,,,,
question,Какова максимальная продолжительность испытательного срока работника?,,single_choice,1.00,65.0,1,1.0,,,,,,
answer,не более одного месяца;,text,0,0,,1,,,,,,
answer,не более двух месяцев;,text,0,0,,2,,,,,,
answer,не более трех месяцев;,text,1,0,,3,,,,,,
answer,не более четырех месяцев.,text,0,0,,4,,,,,,
question,"Несчастный случай не оформляется как производственная травма и иные повреждения здоровья работников на производстве, если в ходе расследования которых объективно установлено, что они произошли при следующих обстоятельствах…",,single_choice,1.00,66.0,1,1.0,,,,,,
answer,"перед началом и по окончании рабочего времени при подготовке и приведении в порядок рабочего места, орудий производства, средств индивидуальной защиты…",text,0,0,,1,,,,,,
answer,"в рабочее время по пути следования работника, деятельность которого связана с передвижением между объектами обслуживания, к месту работы по заданию работодателя…",text,0,0,,2,,,,,,
answer,"из-за внезапного ухудшения здоровья пострадавшего, подтвержденного медицинским заключением, не связанного с воздействием опасных и (или) вредных производственных факторов;",text,1,0,,3,,,,,,
answer,на личном транспорте при наличии письменного согласия работодателя на право использования его для служебных поездок.,text,0,0,,4,,,,,,
question,"Какова сокращенная продолжительность рабочего времени работников, занятых на тяжелых работах, работах с вредными (особо вредными) и (или) опасными условиями труда?",,single_choice,1.00,67.0,1,1.0,,,,,,
answer,не более 24 часов в неделю;,text,0,0,,1,,,,,,
answer,не более 28 часов в неделю;,text,0,0,,2,,,,,,
answer,не более 32 часов в неделю;,text,0,0,,3,,,,,,
answer,не более 36 часов в неделю.,text,1,0,,4,,,,,,
question,Какова продолжительность срока расследования несчастного случая?,,single_choice,1.00,68.0,1,1.0,,,,,,
answer,не должен превышать 10 рабочих дней со дня создания комиссии;,text,1,0,,1,,,,,,
answer,не должен превышать 7 рабочих дней со дня создания комиссии;,text,0,0,,2,,,,,,
answer,не должен превышать 12 рабочих дней со дня создания комиссии;,text,0,0,,3,,,,,,
answer,не должен превышать 20 рабочих дней со дня создания комиссии;,text,0,0,,4,,,,,,
question,"Каковы будут действия работодателя, если работник прекратил выполнение трудовых обязанностей по причине необеспеченности работодателем работника средствами индивидуальной и (или) коллективной защиты, спецодеждой?",,single_choice,1.00,69.0,1,1.0,,,,,,
answer,работодатель обязан оплатить возникший по этой причине простой в размере средней заработной платы работника;,text,1,0,,1,,,,,,
answer,работодатель вправе расторгнуть с работником трудовой договор;,text,0,0,,2,,,,,,
answer,работодатель вправе потребовать объяснения от работника до применения дисциплинарного взыскания;,text,0,0,,3,,,,,,
answer,работодатель обязан обеспечить работника СИЗ и не обязан оплачивать возникший простой.,text,0,0,,4,,,,,,
question,Кем определяется перечень и норма выдачи СИЗ?,,single_choice,1.00,70.0,1,1.0,,,,,,
answer,работодателем;,text,0,0,,1,,,,,,
answer,Постановлением Правительства РК;,text,1,0,,2,,,,,,
answer,общественным инспектором по охране труда;,text,0,0,,3,,,,,,
answer,органом здравоохранения.,text,0,0,,4,,,,,,
question,"Каким органом осуществляется расследование групповых несчастных случаев, при которых погибло два человека?",,single_choice,1.00,71.0,1,1.0,,,,,,
answer,"комиссией, создаваемой территориальным уполномоченным государственным органом по труду;",text,0,0,,1,,,,,,
answer,Правительством РК;,text,0,0,,2,,,,,,
answer,"комиссией, в состав которой включен госинспектор по предупреждению и ликвидаций чрезвычайных ситуаций;",text,0,0,,3,,,,,,
answer,"комиссией, которую возглавляет главный государственный инспектор труда области, города республиканского значения, столицы.",text,1,0,,4,,,,,,
question,"Каким органом осуществляется расследование групповых несчастных случаев, при которых погибло от трёх до пяти человек?",,single_choice,1.00,72.0,1,1.0,,,,,,
answer,"комиссией, создаваемой уполномоченным органом по труду;",text,1,0,,1,,,,,,
answer,"комиссией, которую возглавляет главный государственный инспектор труда области, города республиканского значения;",text,0,0,,2,,,,,,
answer,"комиссией, в составе которой включён государственный инспектор по предупреждению и ликвидации чрезвычайных ситуаций;",text,0,0,,3,,,,,,
answer,Правительством РК,text,0,0,,4,,,,,,
question,Кто возглавляет службу безопасности и охраны труда организации?,,single_choice,1.00,73.0,1,1.0,,,,,,
answer,главный технический руководитель по охране труда организации;,text,1,0,,1,,,,,,
answer,главный государственный инспектор труда;,text,0,0,,2,,,,,,
answer,инженер по охране труда;,text,0,0,,3,,,,,,
answer,руководитель организации.,text,0,0,,4,,,,,,
question,"Выберите вариант, где верно и полно указаны виды инструктажа?",,single_choice,1.00,74.0,1,1.0,,,,,,
answer,"вводный, основной, плановый, внеплановый;",text,0,0,,1,,,,,,
answer,"вводный, первичный, повторный, внеплановый, целевой;",text,1,0,,2,,,,,,
answer,"первичный, повторный, основной;",text,0,0,,3,,,,,,
answer,"основной, вводный, промежуточный.",text,0,0,,4,,,,,,
question,Какова норма продолжительности рабочего времени?,,single_choice,1.00,75.0,1,1.0,,,,,,
answer,не должна превышать 40 часов в неделю;,text,1,0,,1,,,,,,
answer,не должна превышать 36 часов в неделю;,text,0,0,,2,,,,,,
answer,не должна превышать 24 часов в неделю;,text,0,0,,3,,,,,,
answer,не должна превышать 12 часов в неделю;,text,0,0,,4,,,,,,
question," Кем определяется список производств, цехов, профессий и должностей, а также перечень тяжёлых работ, работ с вредными (особо вредными) и (или) опасными условиями труда, работа в которых даёт право на сокращённую продолжительность рабочего времени?",,single_choice,1.00,76.0,1,1.0,,,,,,
answer,Правительством РК;,text,0,0,,1,,,,,,
answer,уполномоченным государственным органом по труду и согласованию с уполномоченным государственным органом в области здравоохранения;,text,1,0,,2,,,,,,
answer,уполномоченным органом в области безопасности и охраны труда;,text,0,0,,3,,,,,,
answer,работодателем.,text,0,0,,4,,,,,,
question,"В какой срок работодатель обязан рассмотреть заявление пострадавшего или его доверенного лица, представителя работников организации, в случае или несвоевременного оформления акта о несчастном случае, и принять решение по существу?",,single_choice,1.00,77.0,1,1.0,,,,,,
answer,в трехдневный срок;,text,0,0,,1,,,,,,
answer,в семидневный срок;,text,0,0,,2,,,,,,
answer,в десятидневный срок;,text,1,0,,3,,,,,,
answer,в двадцатидневный срок,text,0,0,,4,,,,,,
question,"В пределах, какой территории действителен сертификат установленного образца, выдаваемый руководящим работникам, прошедшим проверку знаний по безопасности и охране труда?",,single_choice,1.00,78.0,1,1.0,,,,,,
answer,на территории определённого региона;,text,0,0,,1,,,,,,
answer,только на территории определённой организации;,text,0,0,,2,,,,,,
answer,на территории определённой области;,text,0,0,,3,,,,,,
answer,на всей территории РК,text,1,0,,4,,,,,,
question,Кем разрабатывается инструкция по безопасности и охране труда для каждой профессий на участке и в организации в целом?,,single_choice,1.00,79.0,1,1.0,,,,,,
answer,уполномоченным государственным органом;,text,0,0,,1,,,,,,
answer,работодателем;,text,1,0,,2,,,,,,
answer,правительством РК,text,0,0,,3,,,,,,
question,Какие виды актов выносит государственный инспектор?,,single_choice,1.00,80.0,1,1.0,,,,,,
answer,предписание об устранении требовании трудового законодательства РК;,text,0,0,,1,,,,,,
answer,протокол об административном правонарушении;,text,0,0,,2,,,,,,
answer,постановление о прекращении производства по делу об административном правонарушении;,text,0,0,,3,,,,,,
answer,постановление по делу административном правонарушении;,text,0,0,,4,,,,,,
answer,все перечисленные,text,1,0,,5,,,,,,
question,"В какой срок работодатель обязан ознакомить работника с актом, издаваемым на основании заключенного трудового договора?",,single_choice,1.00,81.0,1,1.0,,,,,,
answer,в трехдневный срок;,text,1,0,,1,,,,,,
answer,в четырёхдневный срок;,text,0,0,,2,,,,,,
answer,в пятидневный срок;,text,0,0,,3,,,,,,
answer,в семидневный срок,text,0,0,,4,,,,,,
question,Запрещается ли применение труда женщин на работах с вредными (особо вредными) и опасными условиями труда?,,single_choice,1.00,82.0,1,1.0,,,,,,
answer,не запрещается;,text,1,0,,1,,,,,,
answer,запрещается на работах по утвержденному списку работодателя;,text,0,0,,2,,,,,,
answer,запрещается согласно утвержденного списка Правительства РК;,text,0,0,,3,,,,,,
question,Каким образом налагается дисциплинарное взыскание?,,single_choice,1.00,83.0,1,1.0,,,,,,
answer,путем вручения работнику уведомления;,text,0,0,,1,,,,,,
answer,путем издания акта работодателя;,text,1,0,,2,,,,,,
answer,путем оформления протокола работодателя;,text,0,0,,3,,,,,,
answer,путем издания вердикта работодателя,text,0,0,,4,,,,,,
question,Какой продолжительности рабочего времени не существует?,,single_choice,1.00,84.0,1,1.0,,,,,,
answer,нормальной;,text,0,0,,1,,,,,,
answer,сокращенной;,text,0,0,,2,,,,,,
answer,неполной;,text,0,0,,3,,,,,,
answer,полной,text,1,0,,4,,,,,,
question,В какой срок работодателем доводятся до сведения работников графики сменности?,,single_choice,1.00,85.0,1,1.0,,,,,,
answer,"не позднее, чем за 10 дней до введения их в действие;",text,1,0,,1,,,,,,
answer,"не позднее, чем за 1 месяц до введения их в действие;",text,0,0,,2,,,,,,
answer,"не позднее, чем за три месяца до введения их в действие;",text,0,0,,3,,,,,,
answer,"не позднее, чем за пять дней до введения их в действие",text,0,0,,4,,,,,,
question,С гражданами какого возраста допускается заключение трудового договора?,,single_choice,1.00,86.0,1,1.0,,,,,,
answer,14лет;,text,0,0,,1,,,,,,
answer,15лет;,text,0,0,,2,,,,,,
answer,16лет;,text,1,0,,3,,,,,,
answer,18лет,text,0,0,,4,,,,,,
question,"Как называется документ, регулирующий отношения между работником и работодателем?",,single_choice,1.00,87.0,1,1.0,,,,,,
answer,акт работодателя;,text,0,0,,1,,,,,,
answer,приказ работодателя;,text,0,0,,2,,,,,,
answer,трудовой договор;,text,1,0,,3,,,,,,
answer,инструкция;,text,0,0,,4,,,,,,
question,Кем или каким органом утверждается типовое положение о службе безопасности и охраны труда?,,single_choice,1.00,88.0,1,1.0,,,,,,
answer,Правительством РК;,text,1,0,,1,,,,,,
answer,уполномоченным государственным органом по труду;,text,0,0,,2,,,,,,
answer,уполномоченным государственным органом по безопасности и охране труда;,text,0,0,,3,,,,,,
answer,работодателем,text,0,0,,4,,,,,,
question,"Как называется акт работодателя, детализирующий применением законодательства в области безопасности и охране труда при выполнении работ в производственных помещениях, на территории предприятия, строительных площадках, транспортных средствах и в иных местах организации, где производятся эти работы или выполняются служебные обязанности?",,single_choice,1.00,89.0,1,1.0,,,,,,
answer,устав компании;,text,0,0,,1,,,,,,
answer,план работы в области безопасности и охраны труда;,text,0,0,,2,,,,,,
answer,инструкция по безопасности и охраны труда работодателя;,text,1,0,,3,,,,,,
answer,комментарии,text,0,0,,4,,,,,,
question,"Начиная, с какого возраста, разрешается привлекать работников к работе в ночное время?",,single_choice,1.00,90.0,1,1.0,,,,,,
answer,с шестнадцати лет;,text,0,0,,1,,,,,,
answer,с восемнадцати лет;,text,1,0,,2,,,,,,
answer,с пятнадцати лет;,text,0,0,,3,,,,,,
answer,с семнадцати лет.,text,0,0,,4,,,,,,
question,"Каким должен быть перерыв в работе по данному виду работ, должности, профессии работников, чтобы пройти обучение вопросам безопасности и охраны труда до начала самостоятельной работы?",,single_choice,1.00,91.0,1,1.0,,,,,,
answer,менее года;,text,0,0,,1,,,,,,
answer,один год;,text,0,0,,2,,,,,,
answer,трёх и более лет;,text,1,0,,3,,,,,,
answer,не более двух лет,text,0,0,,4,,,,,,
question,С какого возраста разрешается направлять работников в командировки?,,single_choice,1.00,92.0,1,1.0,,,,,,
answer,с 16 лет;,text,0,0,,1,,,,,,
answer,с 18 лет;,text,1,0,,2,,,,,,
answer,с 20 лет;,text,0,0,,3,,,,,,
answer,с 21 года,text,0,0,,4,,,,,,
question,"В какой срок работники, подлежащие проверке знаний по Б и ОТ должны быть предупреждены об этом?",,single_choice,1.00,93.0,1,1.0,,,,,,
answer,"не позднее, чем за 7 дней;",text,0,0,,1,,,,,,
answer,"не позднее, чем за 10 дней;",text,0,0,,2,,,,,,
answer,"не позднее, чем за 20 дней;",text,0,0,,3,,,,,,
answer,"не позднее, чем за 30 дней.",text,1,0,,4,,,,,,
question,За счет чьих средств финансируются выполнение мероприятий по Б и ОТ?,,single_choice,1.00,94.0,1,1.0,,,,,,
answer,за счет средств работников предприятия;,text,0,0,,1,,,,,,
answer,за счет средств спонсоров;,text,0,0,,2,,,,,,
answer,за счет Государства;,text,0,0,,3,,,,,,
answer,за счет работодателя.,text,1,0,,4,,,,,,
question,Какие предельные нормы подъема и перемещения вручную тяжести женщинам постоянно в течении рабочей смен?,,single_choice,1.00,95.0,1,1.0,,,,,,
answer,10 кг.,text,0,0,,1,,,,,,
answer,"12,5 кг.",text,0,0,,2,,,,,,
answer,7 кг.,text,1,0,,3,,,,,,
answer,9 кг.,text,0,0,,4,,,,,,
question,"С какого возраста разрешается направлять работников на работу, выполняемую вахтовым методом?",,single_choice,1.00,96.0,1,1.0,,,,,,
answer,с 16 лет,text,0,0,,1,,,,,,
answer,с 18 лет,text,1,0,,2,,,,,,
answer,с 19 лет,text,0,0,,3,,,,,,
answer,с 20 лет,text,0,0,,4,,,,,,
question,"Каким органом осуществляется расследование несчастных случаев, при которых погибло более пяти человек?",,single_choice,1.00,97.0,1,1.0,,,,,,
answer,Правительством РК,text,1,0,,1,,,,,,
answer,территориальным уполномоченным органом,text,0,0,,2,,,,,,
answer,внутренним контролем,text,0,0,,3,,,,,,
answer,госинспектором районного масштаба,text,0,0,,4,,,,,,
question,Разрешается ли привлечение работника к работе в течение двух рабочих смен подряд?,,single_choice,1.00,98.0,1,1.0,,,,,,
answer,разрешается,text,0,0,,1,,,,,,
answer,разрешается в случае отсутствия сменщика,text,0,0,,2,,,,,,
answer,по желанию,text,0,0,,3,,,,,,
answer,запрещается,text,1,0,,4,,,,,,
question,"Концентрация в воздухе вредных газов, паров, пыли, которые в течении всего рабочего стажа не может вызвать заболеваний, отклонений в состоянии здоровья, обнаруживаемых современными методами исследований в процессе работы или в отдаленные сроки жизни настоящего и последующих поколений, называется…",,single_choice,1.00,99.0,1,1.0,,,,,,
answer,предельно допустимой концентрацией;,text,1,0,,1,,,,,,
answer,вредной концентрацией;,text,0,0,,2,,,,,,
answer,оптимальной концентрацией.,text,0,0,,3,,,,,,
question,Максимальный допустимый верхний предел температуры воздуха на рабочем месте не более…,,single_choice,1.00,100.0,1,1.0,,,,,,
answer,20 С;,text,0,0,,1,,,,,,
answer,28 С;,text,1,0,,2,,,,,,
answer,35 С.,text,0,0,,3,,,,,,
question,"Условия труда, при которых сохраняется не только здоровье работающих, но и создаются предпосылки для поддержания высокого уровня трудоспособности, называются…",,single_choice,1.00,101.0,1,1.0,,,,,,
answer,вредными;,text,0,0,,1,,,,,,
answer,допустимыми;,text,0,0,,2,,,,,,
answer,оптимальными.,text,1,0,,3,,,,,,
question,"Условия труда, характеризующиеся такими уровнями факторов среды и трудового процесса, которые не превышают установленных гигиенических нормативов для рабочих мест, а возможные изменения функционального состояния организма восстанавливаются во время регламентированного отдыха или к началу следующей смены и не должны оказывать неблагоприятного воздействия в ближайшем и отдаленном периоде на состояние здоровья работающих и их потомство, называются…",,single_choice,1.00,102.0,1,1.0,,,,,,
answer,вредными;,text,0,0,,1,,,,,,
answer,допустимыми;,text,1,0,,2,,,,,,
answer,оптимальными.,text,0,0,,3,,,,,,
question,"Условия труда, характеризующиеся производственных факторов, превышающих гигиенические нормативы и оказывающие неблагоприятное воздействие на организм работающего или его потомство, называются…",,single_choice,1.00,103.0,1,1.0,,,,,,
answer,вредными;,text,1,0,,1,,,,,,
answer,допустимыми;,text,0,0,,2,,,,,,
answer,оптимальными.,text,0,0,,3,,,,,,
question,Человек начинает ощущать ток силой,,single_choice,1.00,104.0,1,1.0,,,,,,
answer,"0,1…0,3 мА",text,0,0,,1,,,,,,
answer,"0,5…1,5 мА",text,1,0,,2,,,,,,
answer,"2,5…3 мА",text,0,0,,3,,,,,,
question,Безопасным для организма человека можно считать переменный ток силой не выше:,,single_choice,1.00,105.0,1,1.0,,,,,,
answer,"0,01 А",text,0,0,,1,,,,,,
answer,"0,05 А",text,1,0,,2,,,,,,
answer,"0,09 А",text,0,0,,3,,,,,,
question,В нормальных условиях безопасным считается напряжение:,,single_choice,1.00,106.0,1,1.0,,,,,,
answer,менее 12 В,text,1,0,,1,,,,,,
answer,менее 36 В,text,0,0,,2,,,,,,
answer,менее 42 В,text,0,0,,3,,,,,,
question,"При обнаружении оборванного провода воздушной линии выше 1000В, нельзя к нему приближаться на расстояние",,single_choice,1.00,107.0,1,1.0,,,,,,
answer,менее 1 м,text,0,0,,1,,,,,,
answer,менее 8 м,text,1,0,,2,,,,,,
answer,менее 15 м,text,0,0,,3,,,,,,
question,"Дежурным электрикам, работающим с напряжением 220 В присваивается группа",,single_choice,1.00,108.0,1,1.0,,,,,,
answer,I,text,0,0,,1,,,,,,
answer,II,text,0,0,,2,,,,,,
answer,III,text,1,0,,3,,,,,,
question,"У лиц, непосредственно обслуживающих электроустановки знания правил технической эксплуатации проверяют",,single_choice,1.00,109.0,1,1.0,,,,,,
answer,1 раз в год,text,1,0,,1,,,,,,
answer,1 раз в 3 года,text,0,0,,2,,,,,,
answer,1 раз в 5 лет,text,0,0,,3,,,,,,
question, Ответственность за пожарную безопасность по предприятию в целом несет…,,single_choice,1.00,110.0,1,1.0,,,,,,
answer,руководитель предприятия;,text,1,0,,1,,,,,,
answer,начальник цеха;,text,0,0,,2,,,,,,
answer,инспектор по пожарной безопасности.,text,0,0,,3,,,,,,
question,Основные требования пожарной безопасности для действующих предприятий устанавливают…,,single_choice,1.00,111.0,1,1.0,,,,,,
answer,Правила устройство электроустановок;,text,0,0,,1,,,,,,
answer,Правила пожарной безопасности;,text,1,0,,2,,,,,,
answer,Требования к устройству зданий и сооружений.,text,0,0,,3,,,,,,
question,Противопожарный инструктаж должны проходить…,,single_choice,1.00,112.0,1,1.0,,,,,,
answer,инженерно-технические работники;,text,0,0,,1,,,,,,
answer,работники пожарной охраны;,text,0,0,,2,,,,,,
answer,все принятые на предприятие работники.,text,1,0,,3,,,,,,
question,"Несгораемыми называются вещества и материалы, которые…",,single_choice,1.00,113.0,1,1.0,,,,,,
answer,способны гореть только под действием источника поджигания и горение которых прекращается после его удаления;,text,0,0,,1,,,,,,
answer,загораются от источника поджигания и продолжают гореть после его удаления;,text,0,0,,2,,,,,,
answer,"вещества и материалы, неспособные гореть в воздухе.",text,1,0,,3,,,,,,
question,Под огнестойкостью понимают…,,single_choice,1.00,114.0,1,1.0,,,,,,
answer,способность строительных конструкций сохранять механическую прочность и несущую способность в условиях низких температур;,text,0,0,,1,,,,,,
answer,способность строительных конструкций сохранять механическую прочность и несущую способность в условиях оптимальных температур;,text,0,0,,2,,,,,,
answer,способность строительных конструкций сохранять механическую прочность и несущую способность в условиях высоких температур.,text,1,0,,3,,,,,,
question,"Каков срок неявки работника на работу вследствие временной нетрудоспособности (за исключением случаев нахождения работника в отпуске по беременности и родам, а также, если заболевание входит в перечень заболеваний, для которых установлен более длительный срок нетрудоспособности, утверждаемый Правительством Республики Казахстан), являющийся основанием расторжения трудового договора по инициативе работодателя?",,single_choice,1.00,115.0,1,1.0,,,,,,
answer,более месяца;,text,0,0,,1,,,,,,
answer,более двух месяцев подряд;,text,1,0,,2,,,,,,
answer,более трёх месяцев подряд;,text,0,0,,3,,,,,,
answer,более четырёх месяцев подряд,text,0,0,,4,,,,,,
question,"С какого возраста допускается заключение трудового договора (без согласия родителей, опекуна, попечителя и т.д.)?",,single_choice,1.00,116.0,1,1.0,,,,,,
answer,14 лет;,text,0,0,,1,,,,,,
answer,15 лет;,text,1,0,,2,,,,,,
answer,16 лет;,text,0,0,,3,,,,,,
answer,18 лет.,text,0,0,,4,,,,,,
question,"В какой срок работник вправе по своей инициативе расторгнуть трудовой договор, предупредив об этом работодателя письменно?",,single_choice,1.00,117.0,1,1.0,,,,,,
answer,не менее чем за двадцать дней;,text,0,0,,1,,,,,,
answer,не менее чем за один месяц;,text,1,0,,2,,,,,,
answer,не менее чем за два месяца;,text,0,0,,3,,,,,,
answer,не менее чем за три месяца,text,0,0,,4,,,,,,
question,"С какого возраста разрешается применение труда работников на тяжелых работах, работах с вредными (особо вредными) и (или) опасными условиями труда, а также на работах, выполнение которых может причинить вред их здоровью и нравственному развитию (игорный бизнес, работа в ночных развлекательных заведениях, производство, перевозка и торговля алкогольной продукцией, табачными изделиями, наркотическими средствами, психотропными веществами и прекурсорами)?",,single_choice,1.00,118.0,1,1.0,,,,,,
answer,с шестнадцати лет;,text,0,0,,1,,,,,,
answer,с восемнадцати лет;,text,1,0,,2,,,,,,
answer,с двадцати лет;,text,0,0,,3,,,,,,
answer,с двадцати одного года,text,0,0,,4,,,,,,
question,"Какова сокращённая продолжительность рабочего времени работников, занятых на тяжелых работах, работах с вредными (особо вредными) и (или) опасными условиями труда?",,single_choice,1.00,119.0,1,1.0,,,,,,
answer,не более 24 часов в неделю;,text,0,0,,1,,,,,,
answer,не более 28 часов в неделю;,text,0,0,,2,,,,,,
answer,не более 32 часов в неделю;,text,0,0,,3,,,,,,
answer,не более 36 часов в неделю.,text,1,0,,4,,,,,,
question,В какой срок работодатель должен письменно предупредить работника и (или) его представителей об изменении условий труда?,,single_choice,1.00,120.0,1,1.0,,,,,,
answer,"не позднее, чем за один месяц, если трудовым, коллективным договорами не предусмотрен более длительный срок предупреждения;",text,0,0,,1,,,,,,
answer,"не позднее, чем за двадцать дней, если трудовым, коллективным договорами не предусмотрен более длительный срок предупреждения;",text,0,0,,2,,,,,,
answer,"не позднее, чем за десять дней, если трудовым, коллективным договорами не предусмотрен более длительный срок предупреждения;",text,0,0,,3,,,,,,
answer,"не позднее чем за пятнадцать календарных дней, если трудовым, коллективным договорами не предусмотрен более длительный срок уведомления.",text,1,0,,4,,,,,,
question,"За какое время, при отрицательном результате работы работника в период испытательного срока, работодатель вправе расторгнуть с ним трудовой договор, предупредив его в письменной форме?",,single_choice,1.00,121.0,1,1.0,,,,,,
answer,"не ранее, чем за тридцать календарных дней до истечения испытательного срока;",text,0,0,,1,,,,,,
answer,"не ранее, чем за двадцать календарных дней до истечения испытательного срока;",text,0,0,,2,,,,,,
answer,"не ранее, чем за десять календарных дней до истечения испытательного срока;",text,0,0,,3,,,,,,
answer,"не ранее, чем за семь календарных дней до истечения испытательного срока.",text,1,0,,4,,,,,,
question,В каком размере производится компенсационная выплата работнику работодателем при прекращении трудового договора вследствие нарушения условий заключения трудового договора?,,single_choice,1.00,122.0,1,1.0,,,,,,
answer,в размере средней заработной платы за 4 месяца;,text,0,0,,1,,,,,,
answer,в размере средней заработной платы за 3 месяца;,text,0,0,,2,,,,,,
answer,в размере средней заработной платы за 2 месяца;,text,1,0,,3,,,,,,
answer,в размере средней заработной платы за 1 месяц,text,0,0,,4,,,,,,
question,"С какого возраста разрешается направлять работников на работу, выполняемую вахтовым методом?",,single_choice,1.00,123.0,1,1.0,,,,,,
answer,с шестнадцати лет;,text,0,0,,1,,,,,,
answer,с восемнадцати лет;,text,1,0,,2,,,,,,
answer,с двадцати лет;,text,0,0,,3,,,,,,
answer,с двадцати одного года,text,0,0,,4,,,,,,
question,"Кем определяется список работников, руководящих работников и лиц организаций, осуществляющих производственную деятельность, ответственных за обеспечение безопасности и охраны труда, перечень работ и профессий, по которым проводится обучение, а также порядок и форма обучения?",,single_choice,1.00,124.0,1,1.0,,,,,,
answer,уполномоченным органом по согласованию с профсоюзом;,text,0,0,,1,,,,,,
answer,работодателем по согласованию с представителями работников;,text,1,0,,2,,,,,,
answer,учебными учреждениями по согласованию с работодателем;,text,0,0,,3,,,,,,
answer,работниками.,text,0,0,,4,,,,,,
question,"Работники, имеющие какой перерыв в работе по данному виду работ, должности, профессии, должны пройти до начала самостоятельной работы обучение по безопасности и охране труда?",,single_choice,1.00,125.0,1,1.0,,,,,,
answer,менее года;,text,0,0,,1,,,,,,
answer,один год;,text,0,0,,2,,,,,,
answer,три и более лет;,text,1,0,,3,,,,,,
answer,не более двух лет.,text,0,0,,4,,,,,,
question,Кем создаётся экзаменационная комиссия по проверке знаний работников по профессии в организациях?,,single_choice,1.00,126.0,1,1.0,,,,,,
answer,Правительством РК;,text,0,0,,1,,,,,,
answer,местным органам по инспекции труда;,text,0,0,,2,,,,,,
answer,работодателем;,text,1,0,,3,,,,,,
answer,уполномоченным органам по труду,text,0,0,,4,,,,,,
question,"При получении руководящим работником неудовлетворительной оценки, в какой срок назначают повторную проверку знаний?",,single_choice,1.00,127.0,1,1.0,,,,,,
answer,не позднее 1 месяца;,text,1,0,,1,,,,,,
answer,не позднее 2 месяцев;,text,0,0,,2,,,,,,
answer,не позднее 3 месяцев;,text,0,0,,3,,,,,,
answer,не позднее 6 месяцев,text,0,0,,4,,,,,,
question,Принятые на работу руководящие работники проходят проверку знаний по безопасности и охране труда?,,single_choice,1.00,128.0,1,1.0,,,,,,
answer,не позднее 1 месяца со дня подписания трудового договора;,text,1,0,,1,,,,,,
answer,не позднее 2 месяцев со дня подписания трудового договора;,text,0,0,,2,,,,,,
answer,не позднее 3 месяцев со дня подписания трудового договора;,text,0,0,,3,,,,,,
answer,не позднее 2 недель со дня подписания трудового договора,text,0,0,,4,,,,,,
question,На основе каких актов разрабатываются инструкции по безопасности и охране труда?,,single_choice,1.00,129.0,1,1.0,,,,,,
answer,на основе нормативных правовых актов Республики Казахстан по безопасности и охране труда,text,0,0,,1,,,,,,
answer,на основе внутренних актов работодателя;,text,0,0,,2,,,,,,
answer,на основе предписание курирующих органов;,text,0,0,,3,,,,,,
answer,все ответы верны.,text,1,0,,4,,,,,,
question,Какой акт работодателя называется инструкцией по безопасности и охране труда?,,single_choice,1.00,130.0,1,1.0,,,,,,
answer,регулирующий порядок выдачи средств индивидуальной защиты?,text,0,0,,1,,,,,,
answer,определяющий режимов труда и отдыха на основе утвержденных норм;,text,0,0,,2,,,,,,
answer,"детализирующий применение законодательства в области безопасности и охраны труда при выполнении работ в производственных помещениях, на территории предприятия, строительных площадках, транспортных средствах и в иных местах организации, где производятся эти работы или выполняются служебные обязанности;",text,1,0,,3,,,,,,
answer,комментарии,text,0,0,,4,,,,,,
question,"На основе чего составляется перечень профессий, работ и рабочих мест для составления инструкции по безопасности и охране труда?",,single_choice,1.00,131.0,1,1.0,,,,,,
answer,"на основе штатного расписания работодателя, утвержденного с учетом Единого тарифно-квалификационного справочника работ, профессий рабочих и квалификационного справочника должностей служащих;",text,1,0,,1,,,,,,
answer,на основе списка служащих;,text,0,0,,2,,,,,,
answer,на основе приказов о принятии на работу;,text,0,0,,3,,,,,,
answer,на основе индивидуальных договоров работников с работодателем.,text,0,0,,4,,,,,,
question,"Какова периодичность пересмотра инструкции по профессиям или видам работ, связанным с повышенной опасностью (в обычных условиях)?",,single_choice,1.00,132.0,1,1.0,,,,,,
answer,не реже одного раза в 3 года;,text,1,0,,1,,,,,,
answer,не реже одного раза в 2 года;,text,0,0,,2,,,,,,
answer,не реже одного раза в 1 год;,text,0,0,,3,,,,,,
answer,не реже одного раза в 5 лет,text,0,0,,4,,,,,,
question,Основными задачами Службы безопасности и охраны труда являются …,,single_choice,1.00,133.0,1,1.0,,,,,,
answer,"разработка и осуществление комплекса правовых, социально-экономических, организационно-технических, санитарно-эпидемиологических, реабилитационных, лечебно-профилактических мероприятий по созданию и обеспечению безопасных и здоровых условий труда на производстве и предупреждению производственного травматизма и профессиональных заболеваний;",text,0,0,,1,,,,,,
answer,"организация разработки на производственных участках нормативных документов, в части соблюдения требований безопасности и охраны труда;",text,0,0,,2,,,,,,
answer,"организация и координирование работы по безопасности и охране труда в структурных подразделениях организации и осуществление внутреннего контроля по безопасности и охране труда, за соблюдением работниками требований нормативных правовых актов по безопасности и охране труда;",text,0,0,,3,,,,,,
answer,все ответы верны.,text,1,0,,4,,,,,,
question,"Кто определяет структуру и численность службы безопасности и охраны труда, а также основные задачи, функции и права ее специалистов?",,single_choice,1.00,134.0,1,1.0,,,,,,
answer,местный орган по инспекции труда;,text,0,0,,1,,,,,,
answer,начальник службы безопасности и охраны труда;,text,0,0,,2,,,,,,
answer,инженер по охране труда;,text,0,0,,3,,,,,,
answer,работодатель.,text,1,0,,4,,,,,,
question,Служба безопасности и охраны труда о принятии мер по устранению выявленных нарушений по безопасности и охране труда выдает ….,,single_choice,1.00,135.0,1,1.0,,,,,,
answer,предписания;,text,0,0,,1,,,,,,
answer,указания;,text,1,0,,2,,,,,,
answer,рекомендации;,text,0,0,,3,,,,,,
answer,заключение,text,0,0,,4,,,,,,
question,Вводный инструктаж в организации (предприятии) проводится?,,single_choice,1.00,136.0,1,1.0,,,,,,
answer,"службой безопасности и охраны труда или лицом, на которое приказом по организации возложены эти обязанности;",text,1,0,,1,,,,,,
answer,государственным инспектором труда;,text,0,0,,2,,,,,,
answer,работодателем;,text,0,0,,3,,,,,,
answer,работником;,text,0,0,,4,,,,,,
question,"Кем определяются правила и сроки проведения обучения, инструктирования и проверок знаний по вопросам безопасности и охраны труда работников?",,single_choice,1.00,137.0,1,1.0,,,,,,
answer,Правительством Республики Казахстан;,text,0,0,,1,,,,,,
answer,уполномоченным государственным органом по труду;,text,0,0,,2,,,,,,
answer,работодателем;,text,1,0,,3,,,,,,
answer,уполномоченным государственным органом по безопасности и охране труда.,text,0,0,,4,,,,,,
question,В какой срок после завершения аттестации производственного объекта по условиям труда результаты предоставляются в местный орган по инспекции труда?,,single_choice,1.00,138.0,1,1.0,,,,,,
answer,месячный срок;,text,0,0,,1,,,,,,
answer,десятидневный срок;,text,1,0,,2,,,,,,
answer,пятидневный срок;,text,0,0,,3,,,,,,
answer,не предоставляется,text,0,0,,4,,,,,,
question,Кем осуществляется контроль над своевременностью и качеством проведения аттестации производственных объектов?,,single_choice,1.00,139.0,1,1.0,,,,,,
answer,работодателем;,text,0,0,,1,,,,,,
answer,государственными инспекторами труда;,text,1,0,,2,,,,,,
answer,аттестационной комиссией;,text,0,0,,3,,,,,,
answer,все ответы верны.,text,0,0,,4,,,,,,
question,В каких случаях выдаются средства индивидуальной защиты?,,single_choice,1.00,140.0,1,1.0,,,,,,
answer,при приеме;,text,0,0,,1,,,,,,
answer,при переводе работников на другую работу;,text,0,0,,2,,,,,,
answer,в связи с истечением срока пользования СИЗ;,text,0,0,,3,,,,,,
answer,все ответы верны.,text,1,0,,4,,,,,,
question,"Кто организовывает надлежащий уход за средствами индивидуальной и коллективной защиты, своевременно осуществляет профилактическую обработку, а также ремонт средств индивидуальной и коллективной защиты?",,single_choice,1.00,141.0,1,1.0,,,,,,
answer,работодатель;,text,1,0,,1,,,,,,
answer,работник;,text,0,0,,2,,,,,,
answer,местный орган по инспекции труда;,text,0,0,,3,,,,,,
answer,уполномоченный орган по труду,text,0,0,,4,,,,,,
question,"Кем утверждается порядок и нормы выдачи работникам молока, лечебно-профилактического питания, специальной одежды, специальной обуви и других средств индивидуальной защиты, а также устанавливает порядок обеспечения их средствами коллективной защиты, санитарно-бытовыми помещениями и устройствами за счет средств работодателя?",,single_choice,1.00,142.0,1,1.0,,,,,,
answer,Правительством РК;,text,1,0,,1,,,,,,
answer,уполномоченным органом по труду;,text,0,0,,2,,,,,,
answer,местным органом по инспекции труда;,text,0,0,,3,,,,,,
answer,государственным инспектором труда.,text,0,0,,4,,,,,,
question,Кем утверждены Правила проведения обязательных медицинских осмотров?,,single_choice,1.00,143.0,1,1.0,,,,,,
answer,Правительством РК;,text,1,0,,1,,,,,,
answer,уполномоченным органом по труду;,text,0,0,,2,,,,,,
answer,работодателем;,text,0,0,,3,,,,,,
answer,государственным инспектором труда.,text,0,0,,4,,,,,,
question,Периодичность проведения обязательных периодических медицинских осмотров.,,single_choice,1.00,144.0,1,1.0,,,,,,
answer,один раз в год;,text,1,0,,1,,,,,,
answer,один раз в 2 года;,text,0,0,,2,,,,,,
answer,два раза в год;,text,0,0,,3,,,,,,
answer,по решению работодателя,text,0,0,,4,,,,,,
question,За счёт чьих средств проводится периодический медицинский осмотр?,,single_choice,1.00,145.0,1,1.0,,,,,,
answer,работодателя;,text,1,0,,1,,,,,,
answer,работника;,text,0,0,,2,,,,,,
answer,уполномоченного органа здравоохранения;,text,0,0,,3,,,,,,
answer,спонсорской помощи.,text,0,0,,4,,,,,,
question,"Кем создается комиссия по расследованию групповых несчастных случаев, при гибели более пяти человек?",,single_choice,1.00,146.0,1,1.0,,,,,,
answer,Правительством Республики Казахстан;,text,1,0,,1,,,,,,
answer,"комиссией, которую возглавляет главный государственный инспектор труда области, города республиканского значения;",text,0,0,,2,,,,,,
answer,"комиссией, в состав которой включён государственный инспектор по предупреждению и ликвидации чрезвычайных ситуаций",text,0,0,,3,,,,,,
answer,нет верного варианта,text,0,0,,4,,,,,,
question,"Кто возглавляет комиссию по расследованию групповых несчастных случаев, при которых погибло два человека?",,single_choice,1.00,147.0,1,1.0,,,,,,
answer,"главный государственный инспектор труда области, города республиканского значения;",text,1,0,,1,,,,,,
answer,работодатель;,text,0,0,,2,,,,,,
answer,государственный инспектор труда;,text,0,0,,3,,,,,,
answer,государственный инспектор по предупреждению и ликвидации чрезвычайных ситуаций;,text,0,0,,4,,,,,,
question,В какой срок актом работодателя с момента наступления несчастного случая на производстве создаётся комиссия по его расследованию?,,single_choice,1.00,148.0,1,1.0,,,,,,
answer,в течение двадцати четырёх часов;,text,1,0,,1,,,,,,
answer,в течение двадцати часов;,text,0,0,,2,,,,,,
answer,в течение двенадцати часов;,text,0,0,,3,,,,,,
answer,в течение десяти часов.,text,0,0,,4,,,,,,
question,В течение какого срока материалы расследования несчастного случая подлежат хранению в организации?,,single_choice,1.00,149.0,1,1.0,,,,,,
answer,в течение десяти лет;,text,0,0,,1,,,,,,
answer,в течение двадцати лет;,text,0,0,,2,,,,,,
answer,в течение тридцати пяти лет;,text,0,0,,3,,,,,,
answer,в течение сорока пяти лет.,text,1,0,,4,,,,,,
question,"В какой срок, по окончании расследования несчастного случая, один экземпляр копии материалов акта специального расследования государственным инспектором труда направляется в местный орган внутренних дел?",,single_choice,1.00,150.0,1,1.0,,,,,,
answer,в трёхдневный срок;,text,0,0,,1,,,,,,
answer,в семидневный срок;,text,1,0,,2,,,,,,
answer,в десятидневный срок;,text,0,0,,3,,,,,,
answer,в двадцатидневный срок,text,0,0,,4,,,,,,
question,"В случае если один из членов комиссии по расследованию несчастного случая не согласен с выводами комиссии (большинства), он представляет в письменном виде свое мотивированное мнение для включения его в материал расследования.",,single_choice,1.00,151.0,1,1.0,,,,,,
answer,С какой оговоркой он подписывает акт специального расследования?,text,0,0,,1,,,,,,
answer,«не согласен»;,text,0,0,,2,,,,,,
answer,«имею отличное от других мнение»;,text,0,0,,3,,,,,,
answer,«смотри особое мнение»;,text,1,0,,4,,,,,,
answer,«смотри ниже»,text,0,0,,5,,,,,,
question,"В какой срок, по окончании расследования каждого несчастного случая, работодатель обязан выдать пострадавшему или его доверенному лицу акт о несчастном случае, один экземпляр акта направляется страховой организации, имеющей соответствующие договорные отношения с работодателем, а другой — в государственную инспекцию труда на бумажном и электронном носителе?",,single_choice,1.00,152.0,1,1.0,,,,,,
answer,не позднее трех дней;,text,1,0,,1,,,,,,
answer,не позднее пяти дней;,text,0,0,,2,,,,,,
answer,не позднее шести дней;,text,0,0,,3,,,,,,
answer,не позднее семи дней.,text,0,0,,4,,,,,,
question,"На кого возлагается обеспечение подготовки, переподготовки специалистов, работников опасных производственных объектов по вопросам промышленной безопасности?",,single_choice,1.00,153.0,1,1.0,,,,,,
answer,"на руководителей организаций, эксплуатирующих опасные производственные объекты;",text,1,0,,1,,,,,,
answer,на работника;,text,0,0,,2,,,,,,
answer,на государственного инспектора в области промышленной безопасности;,text,0,0,,3,,,,,,
answer,все варианты верны.,text,0,0,,4,,,,,,
question,Кто подлежит ежегодному предварительному обучению по десятичасовой программе вопросам промышленной безопасности?,,single_choice,1.00,154.0,1,1.0,,,,,,
answer,"должностные лица, ответственные за безопасное производство работ на опасных производственных объектах, а также работники, выполняющие работы на них;",text,1,0,,1,,,,,,
answer,технические руководители;,text,0,0,,2,,,,,,
answer,административные работники;,text,0,0,,3,,,,,,
answer,все варианты верны.,text,0,0,,4,,,,,,
question,"С какой частотой технические руководители, специалисты и инженерно-технические работники проходят подготовку по вопросам промышленной безопасности?",,single_choice,1.00,155.0,1,1.0,,,,,,
answer,один раз в три года с предварительным обучением по сорокачасовой программе;,text,1,0,,1,,,,,,
answer,один раз в три года без предварительного обучения;,text,0,0,,2,,,,,,
answer,ежегодно с предварительным обучением по десятичасовой программе;,text,0,0,,3,,,,,,
answer,ежегодно с предварительным обучением по сорокачасовой программе.,text,0,0,,4,,,,,,
question,Кем осуществляется разработка декларации промышленной безопасности?,,single_choice,1.00,156.0,1,1.0,,,,,,
answer,уполномоченным органом;,text,1,0,,1,,,,,,
answer,государственным инспектором;,text,0,0,,2,,,,,,
answer,"организацией, эксплуатирующей опасный производственный объект;",text,0,0,,3,,,,,,
answer,все варианты верны.,text,0,0,,4,,,,,,
question,"В чьи обязанности входит проведение экспертизы технических устройств, материалов, отслуживших нормативный срок эксплуатации, для определения возможного срока дальнейшей эксплуатации?",,single_choice,1.00,157.0,1,1.0,,,,,,
answer,государственного инспектора;,text,0,0,,1,,,,,,
answer,"владелец или организаций, имеющие опасные производственные объекты;",text,1,0,,2,,,,,,
answer,уполномоченный орган;,text,0,0,,3,,,,,,
answer,все варианты верны.,text,0,0,,4,,,,,,
question,"Кто в ходе расследования выясняет обстоятельства, предшествовавшие аварии, устанавливает ее причины, характер нарушений условий эксплуатации технических устройств, технологических процессов, нарушений требований промышленной безопасности, определяет мероприятия по ликвидации последствий и предотвращению подобных аварий, материальный ущерб, причиненный аварией?",,single_choice,1.00,158.0,1,1.0,,,,,,
answer,комиссия по расследованию аварии;,text,1,0,,1,,,,,,
answer,владельцем опасного производственного объекта;,text,0,0,,2,,,,,,
answer,государственный инспектор;,text,0,0,,3,,,,,,
answer,представителем территориального подразделения уполномоченного органа.,text,0,0,,4,,,,,,
question,"В какой срок организация, эксплуатирующая опасный производственный объект издает приказ, в котором должны быть объявлены выводы комиссии об обстоятельствах и причинах аварии, намечены меры по ликвидации ее последствий, а также меры по предупреждению подобных аварий и привлечению работников к ответственности?",,single_choice,1.00,159.0,1,1.0,,,,,,
answer,в течение десяти календарных дней;,text,1,0,,1,,,,,,
answer,в течение пяти календарных дней;,text,0,0,,2,,,,,,
answer,в течение трех календарных дней;,text,0,0,,3,,,,,,
answer,в течение двух календарных дней.,text,0,0,,4,,,,,,
question,"Кто несет ответственность за расходы, связанные с расследованием аварии?",,single_choice,1.00,160.0,1,1.0,,,,,,
answer,комиссия по расследованию;,text,0,0,,1,,,,,,
answer,представитель территориального подразделения уполномоченного органа;,text,0,0,,2,,,,,,
answer,"организация, эксплуатирующая опасный производственный объект;",text,0,0,,3,,,,,,
answer,работодатель.,text,1,0,,4,,,,,,
question,Основа законодательства Республики Казахстан в области гражданской защиты.,,single_choice,1.00,161.0,1,1.0,,,,,,
answer,Конституция Республики Казахстан;,text,0,0,,1,,,,,,
answer,Закон РК «О гражданской защите»;,text,1,0,,2,,,,,,
answer,Правила Государственного надзора по промышленной безопасности;,text,0,0,,3,,,,,,
answer,Трудовой Кодекс Республики Казахстан.,text,0,0,,4,,,,,,
question,На кого возлагается обеспечение пожарной безопасности и пожаротушения в организациях?,,single_choice,1.00,162.0,1,1.0,,,,,,
answer,на руководителей организаций;,text,1,0,,1,,,,,,
answer,главного инженера;,text,0,0,,2,,,,,,
answer,на руководителей структурных подразделений;,text,0,0,,3,,,,,,
answer,все варианты верны.,text,0,0,,4,,,,,,
question,Таблички с указанием номера телефона 101 вызова государственной противопожарной службы должны быть вывешены?,,single_choice,1.00,163.0,1,1.0,,,,,,
answer,в производственных помещениях;,text,0,0,,1,,,,,,
answer,в административных помещениях;,text,0,0,,2,,,,,,
answer,в складских и вспомогательных помещениях;,text,0,0,,3,,,,,,
answer,во всех перечисленных помещениях.,text,1,0,,4,,,,,,
question,"В зданиях и сооружениях (кроме жилых домов), при единовременном нахождении на этаже скольких человек, должны быть разработаны и на видных местах вывешены планы (схемы) эвакуации людей в случае пожара, предусмотрена система (установка) оповещения людей о пожаре?",,single_choice,1.00,164.0,1,1.0,,,,,,
answer,более 10 человек;,text,1,0,,1,,,,,,
answer,более 7 человек;,text,0,0,,2,,,,,,
answer,более 5 человек;,text,0,0,,3,,,,,,
answer,более 3 человек.,text,0,0,,4,,,,,,
question,"На каком расстоянии до зданий и сооружений не допускается разведение костров, сжигание отходов и тары?",,single_choice,1.00,165.0,1,1.0,,,,,,
answer,ближе 50 м до зданий и сооружений;,text,1,0,,1,,,,,,
answer,ближе 35 м. до зданий и сооружений;,text,0,0,,2,,,,,,
answer,ближе 75 м. до зданий и сооружений;,text,0,0,,3,,,,,,
answer,ближе 100 м до зданий и сооружений.,text,0,0,,4,,,,,,
question,В помещениях с одним эвакуационным выходом одновременное пребывание скольких человек запрещается?,,single_choice,1.00,166.0,1,1.0,,,,,,
answer,до 50;,text,1,0,,1,,,,,,
answer,50 и более;,text,0,0,,2,,,,,,
answer,70 и более;,text,0,0,,3,,,,,,
answer,100 и более;,text,0,0,,4,,,,,,
question,Какие световые таблички указывают на эвакуационный выход?,,single_choice,1.00,167.0,1,1.0,,,,,,
answer,эвакуационный (запасный) выход;,text,1,0,,1,,,,,,
answer,дверь эвакуационного выхода;,text,0,0,,2,,,,,,
answer,знак указатель выхода;,text,0,0,,3,,,,,,
answer,все варианты верны.,text,0,0,,4,,,,,,
question,Каким нормативным правовым актом определяется порядок присвоения группы по электробезопасности?,,single_choice,1.00,168.0,1,1.0,,,,,,
answer,правилами техники безопасности при эксплуатации электроустановок потребителей;,text,1,0,,1,,,,,,
answer,правилами устройства электроустановок РК;,text,0,0,,2,,,,,,
answer,строительные нормы;,text,0,0,,3,,,,,,
answer,все варианты верны.,text,0,0,,4,,,,,,
question,Что такое электрооборудование?,,single_choice,1.00,169.0,1,1.0,,,,,,
answer,"совокупность электротехнических изделий и (или) электротехнических устройств, предназначенных для выполнения соответствующего вида работы с использованием электроэнергии;",text,1,0,,1,,,,,,
answer,"продукция, предназначенная для создания электросетей, а также использующая в своей работе электроэнергию (в том числе электротехнические изделия, радиоэлектронная аппаратура, оборудование информационных технологий);",text,0,0,,2,,,,,,
answer,"изделия, предназначенные для производства, преобразования, распределения, передачи и использования электрической энергии или для ограничения возможности ее передачи.",text,0,0,,3,,,,,,
answer,все варианты верны.,text,0,0,,4,,,,,,
question,Какой персонал подлежит обучению и проверке знаний правил по электробезопасности?,,single_choice,1.00,170.0,1,1.0,,,,,,
answer,электротехнический персонал;,text,0,0,,1,,,,,,
answer,электротехнологический персонал;,text,0,0,,2,,,,,,
answer,инженерно-технический персонал;,text,0,0,,3,,,,,,
answer,все варианты верны,text,1,0,,4,,,,,,
question,При каких обстоятельствах электротехнический персонал обязан проходить производственное обучение на рабочем месте?,,single_choice,1.00,171.0,1,1.0,,,,,,
answer,перед допуском к самостоятельной работе в электроустановках;,text,0,0,,1,,,,,,
answer,"при переходе на другую работу (должность), связанную с эксплуатацией электроустановок;",text,0,0,,2,,,,,,
answer,"при перерыве свыше одного года на работах и должностях, относящихся к электротехническому персоналу;",text,0,0,,3,,,,,,
answer,все варианты верны;,text,1,0,,4,,,,,,
